patient_id,gene,chromosome,position,ref,var,mutation_type,validation,pre_maf,mid_maf,post_maf,polyphen,sift,exon
P11,PREPL,chr2,44571019,T,C,nonsynonymous,Yes,0.00,0.14,0.00,0.087,0.68,5
P11,KHDRBS2,chr6,62995789,A,G,nonsynonymous,No,0.00,0.12,0.00,0.087,0.20,1
P11,ZNF182,chrX,47837151,T,C,nonsynonymous,Yes,0.00,0.21,0.00,0.020,0.31,exon6
P12,SHANK2,chr11,70331655,A,G,synonymous,No,0.00,0.00,0.11,NA,NA,10
P14,SCLOCB3,chr12,21068984,G,T,nonsynonymous,No,0.00,0.00,0.12,0.001,0.62,16
P14,DCHS2,chr4,155219314,G,A,nonsynonymous,Yes,0.00,0.00,0.12,0.002,0.33,18
P14,EIF2S2,chr20,32677631,C,T,nonsynonymous,No,0.00,0.00,0.10,0.996,0.03,9
P14,C10orf120,chr10,124457906,C,T,synonymous,No,0.00,0.00,0.10,NA,NA,3
P15,SPEF2,chr5,35763706,A,T,nonsynonymous,Yes,0.07,0.13,-,0.006,0.88,26
P15,ENAM,chr4,71508463,C,A,synonymous,No,0.00,0.092,-,NA,NA,9
P15,OTOL1,chr3,161221587,G,A,nonsynonymous,No,0.00,0.10,-,0.00,0.59,24
P15,C16orf71,chr16,4787886,A,G,nonsynonymous,No,0.00,0.109,0.985,0.06,0.06,3
P15,MYH9,chr22,36691666,G,C,nonsynonymous,Yes,0.00,0.14,0.808,0.008,0,exon26
P17,KCNA10,chr1,111060626,G,A,nonsynonymous,Yes,0.00,0.12,-,0,0.33,1
P17,BRINP2,chr1,177226485,G,C,nonsynonymous,Yes,0.00,0.16,-,0.00,0,exon4
P17,SRRM3,chr7,75894114,A,G,nonsynonymous,Yes,0.00,0.11,-,0,0.46,9
P17,Corf76,chr8,124250127,T,C,nonsynonymous,No,0.00,0.13,-,0.983,0.21,3
P17,OR5AS1,chr11,55798011,G,T,nonsynonymous,Yes,0.00,0.12,-,0,0.02,1
P17,ELMO1,chr7,37253033,G,T,nonsynonymous,Yes,0.00,0.119,-,0.99,0.68,3
P17,CACNA1E,chr1,181687234,G,T,nonsynonymous,No,0.00,0.09,-,0.962,0,12
P17,LARP1,chr5,154173703,G,A,nonsynonymous,No,0.00,0.18,-,NA,NA,7
P17,UTP14A,chrX,129053189,C,T,synonymous,No,0.00,0.22,-,NA,NA,6
P17,BIRC7,chr20,61870793,C,T,nonsynonymous,Yes,0.00,0.25,-,0.998,0.01,6
P17,PARVG,chr22,44583712,C,G,nonsynonymous,Yes,0.00,0.132,-,0.979,0.01,5
P17,SLC6A9,chr1,44477335,G,A,nonsynonymous,Yes,0.00,0.132,-,0.956,0,12
P17,ELMO1,chr7,37253033,G,T,nonsynonymous,Yes,0.00,0.228,-,0,1,12
P18,RBM33,chr14,23371268,G,A,nonsynonymous,No,0.00,0.17,-,NA,NA,21
P19,SLC5A8,chr12,101555836,A,G,nonsynonymous,Yes,0.00,-,0.11,1,0.01,13
