"clinical_id","candidate_timepoint","timepoint_confidence","classification_basis","run_accession","experiment_accession","sample_accession","sample_alias","library_strategy","library_source","library_selection","fastq_bytes"
"KTN132","pre_candidate","medium","alias contains 0cell; compatible with 0 cycles","SRR5967478","SRX3125111","SAMN07552330","KTN1320cell71","RNA-Seq","TRANSCRIPTOMIC","RANDOM PCR","67785360;105046627"
"KTN132","pre_candidate","medium","alias contains 0cell; compatible with 0 cycles","SRR5967479","SRX3125110","SAMN07552331","KTN1320cell72","RNA-Seq","TRANSCRIPTOMIC","RANDOM PCR","53390288;83048574"
"KTN132","pre_candidate","medium","alias contains 0cell; compatible with 0 cycles","SRR5967480","SRX3125109","SAMN07552332","KTN1320cell73","RNA-Seq","TRANSCRIPTOMIC","RANDOM PCR","49552338;77057776"
"KTN132","pre_candidate","medium","alias contains 0cell; compatible with 0 cycles","SRR5967481","SRX3125108","SAMN07552333","KTN1320cell74","RNA-Seq","TRANSCRIPTOMIC","RANDOM PCR","50811387;77699194"
"KTN132","pre_candidate","medium","alias contains 0cell; compatible with 0 cycles","SRR5967482","SRX3125107","SAMN07552334","KTN1320cell75","RNA-Seq","TRANSCRIPTOMIC","RANDOM PCR","53568681;82077809"
"KTN132","pre_candidate","medium","alias contains 0cell; compatible with 0 cycles","SRR5967483","SRX3125106","SAMN07552335","KTN1320cell76","RNA-Seq","TRANSCRIPTOMIC","RANDOM PCR","84748288;129141046"
"KTN132","pre_candidate","medium","alias contains 0cell; compatible with 0 cycles","SRR5967484","SRX3125105","SAMN07552336","KTN1320cell77","RNA-Seq","TRANSCRIPTOMIC","RANDOM PCR","60164188;92238727"
"KTN132","pre_candidate","medium","alias contains 0cell; compatible with 0 cycles","SRR5967485","SRX3125104","SAMN07552337","KTN1320cell78","RNA-Seq","TRANSCRIPTOMIC","RANDOM PCR","53453248;80915489"
"KTN132","pre_candidate","medium","alias contains 0cell; compatible with 0 cycles","SRR5967486","SRX3125103","SAMN07552338","KTN1320cell79","RNA-Seq","TRANSCRIPTOMIC","RANDOM PCR","68104338;102954977"
"KTN132","pre_candidate","medium","alias contains 0cell; compatible with 0 cycles","SRR5967487","SRX3125102","SAMN07552339","KTN1320cell80","RNA-Seq","TRANSCRIPTOMIC","RANDOM PCR","81297323;124032963"
"KTN132","mid_candidate","medium","alias contains 2cell; compatible with 2 cycles","SRR5961314","SRX3119645","SAMN07544411","KTN1322cell443","RNA-Seq","TRANSCRIPTOMIC","RANDOM PCR","35076807;54834543"
"KTN132","mid_candidate","medium","alias contains 2cell; compatible with 2 cycles","SRR5961315","SRX3119644","SAMN07544410","KTN1322cell442","RNA-Seq","TRANSCRIPTOMIC","RANDOM PCR","58877906;90869800"
"KTN132","mid_candidate","medium","alias contains 2cell; compatible with 2 cycles","SRR5961316","SRX3119643","SAMN07544407","KTN1322cell439","RNA-Seq","TRANSCRIPTOMIC","RANDOM PCR","42330471;65496727"
"KTN132","mid_candidate","medium","alias contains 2cell; compatible with 2 cycles","SRR5961317","SRX3119642","SAMN07544406","KTN1322cell438","RNA-Seq","TRANSCRIPTOMIC","RANDOM PCR","62533198;96724560"
"KTN132","mid_candidate","medium","alias contains 2cell; compatible with 2 cycles","SRR5961318","SRX3119641","SAMN07544409","KTN1322cell441","RNA-Seq","TRANSCRIPTOMIC","RANDOM PCR","82005677;128057295"
"KTN132","mid_candidate","medium","alias contains 2cell; compatible with 2 cycles","SRR5961319","SRX3119640","SAMN07544408","KTN1322cell440","RNA-Seq","TRANSCRIPTOMIC","RANDOM PCR","26322738;41245503"
"KTN132","mid_candidate","medium","alias contains 2cell; compatible with 2 cycles","SRR5961320","SRX3119639","SAMN07544403","KTN1322cell435","RNA-Seq","TRANSCRIPTOMIC","RANDOM PCR","27878892;44255520"
"KTN132","mid_candidate","medium","alias contains 2cell; compatible with 2 cycles","SRR5961321","SRX3119638","SAMN07544402","KTN1322cell434","RNA-Seq","TRANSCRIPTOMIC","RANDOM PCR","20818472;31306296"
"KTN132","mid_candidate","medium","alias contains 2cell; compatible with 2 cycles","SRR5961322","SRX3119637","SAMN07544405","KTN1322cell437","RNA-Seq","TRANSCRIPTOMIC","RANDOM PCR","46238883;72013832"
"KTN132","mid_candidate","medium","alias contains 2cell; compatible with 2 cycles","SRR5961323","SRX3119636","SAMN07544404","KTN1322cell436","RNA-Seq","TRANSCRIPTOMIC","RANDOM PCR","38890030;61037392"
"KTN302","pre_candidate","medium","alias contains 0cell; compatible with 0 cycles","SRR5968377","SRX3126044","SAMN07554047","KTN3020cell111","RNA-Seq","TRANSCRIPTOMIC","RANDOM PCR","45579161"
"KTN302","pre_candidate","medium","alias contains 0cell; compatible with 0 cycles","SRR5968378","SRX3126043","SAMN07554048","KTN3020cell112","RNA-Seq","TRANSCRIPTOMIC","RANDOM PCR","168255488"
"KTN302","pre_candidate","medium","alias contains 0cell; compatible with 0 cycles","SRR5968379","SRX3126042","SAMN07554236","KTN3020cell300","RNA-Seq","TRANSCRIPTOMIC","RANDOM PCR","37498671"
"KTN302","pre_candidate","medium","alias contains 0cell; compatible with 0 cycles","SRR5968380","SRX3126041","SAMN07554235","KTN3020cell299","RNA-Seq","TRANSCRIPTOMIC","RANDOM PCR","31447501"
"KTN302","pre_candidate","medium","alias contains 0cell; compatible with 0 cycles","SRR5968381","SRX3126040","SAMN07554051","KTN3020cell115","RNA-Seq","TRANSCRIPTOMIC","RANDOM PCR","41360962"
"KTN302","pre_candidate","medium","alias contains 0cell; compatible with 0 cycles","SRR5968382","SRX3126039","SAMN07554052","KTN3020cell116","RNA-Seq","TRANSCRIPTOMIC","RANDOM PCR","14857345"
"KTN302","pre_candidate","medium","alias contains 0cell; compatible with 0 cycles","SRR5968383","SRX3126038","SAMN07554053","KTN3020cell117","RNA-Seq","TRANSCRIPTOMIC","RANDOM PCR","154543489"
"KTN302","pre_candidate","medium","alias contains 0cell; compatible with 0 cycles","SRR5968384","SRX3126037","SAMN07554054","KTN3020cell118","RNA-Seq","TRANSCRIPTOMIC","RANDOM PCR","10709337"
"KTN302","pre_candidate","medium","alias contains 0cell; compatible with 0 cycles","SRR5968385","SRX3126036","SAMN07554230","KTN3020cell294","RNA-Seq","TRANSCRIPTOMIC","RANDOM PCR","14707143"
"KTN302","pre_candidate","medium","alias contains 0cell; compatible with 0 cycles","SRR5968386","SRX3126035","SAMN07554229","KTN3020cell293","RNA-Seq","TRANSCRIPTOMIC","RANDOM PCR","35378646"
"KTN302","mid_candidate","medium","alias contains 2cell; compatible with 2 cycles","SRR5958654","SRX3117176","SAMN07543760","KTN3022cell388","RNA-Seq","TRANSCRIPTOMIC","RANDOM PCR","37229958;49098245"
"KTN302","mid_candidate","medium","alias contains 2cell; compatible with 2 cycles","SRR5958655","SRX3117175","SAMN07543759","KTN3022cell387","RNA-Seq","TRANSCRIPTOMIC","RANDOM PCR","129260528;171955054"
"KTN302","mid_candidate","medium","alias contains 2cell; compatible with 2 cycles","SRR5958656","SRX3117174","SAMN07543758","KTN3022cell386","RNA-Seq","TRANSCRIPTOMIC","RANDOM PCR","169676694;227034215"
"KTN302","mid_candidate","medium","alias contains 2cell; compatible with 2 cycles","SRR5958657","SRX3117173","SAMN07543757","KTN3022cell385","RNA-Seq","TRANSCRIPTOMIC","RANDOM PCR","2125748;2575648"
"KTN302","mid_candidate","medium","alias contains 2cell; compatible with 2 cycles","SRR5958658","SRX3117172","SAMN07543825","KTN3022cell453","RNA-Seq","TRANSCRIPTOMIC","RANDOM PCR","181355793;235212595"
"KTN302","mid_candidate","medium","alias contains 2cell; compatible with 2 cycles","SRR5958659","SRX3117171","SAMN07543677","KTN3022cell305","RNA-Seq","TRANSCRIPTOMIC","RANDOM PCR","33594029;43908123"
"KTN302","mid_candidate","medium","alias contains 2cell; compatible with 2 cycles","SRR5958660","SRX3117170","SAMN07543656","KTN3022cell284","RNA-Seq","TRANSCRIPTOMIC","RANDOM PCR","34553009;44394050"
"KTN302","mid_candidate","medium","alias contains 2cell; compatible with 2 cycles","SRR5958661","SRX3117169","SAMN07543655","KTN3022cell283","RNA-Seq","TRANSCRIPTOMIC","RANDOM PCR","61914268;81841134"
"KTN302","mid_candidate","medium","alias contains 2cell; compatible with 2 cycles","SRR5958662","SRX3117168","SAMN07543650","KTN3022cell278","RNA-Seq","TRANSCRIPTOMIC","RANDOM PCR","53873265;71062584"
"KTN302","mid_candidate","medium","alias contains 2cell; compatible with 2 cycles","SRR5958663","SRX3117167","SAMN07543649","KTN3022cell277","RNA-Seq","TRANSCRIPTOMIC","RANDOM PCR","168084595;227227828"
"KTN615","pre_candidate","medium","alias contains 0cell; compatible with 0 cycles","SRR5960796","SRX3119296","SAMN07545616","KTN6150cell200","RNA-Seq","TRANSCRIPTOMIC","RANDOM PCR","63759784;93322602"
"KTN615","pre_candidate","medium","alias contains 0cell; compatible with 0 cycles","SRR5960797","SRX3119295","SAMN07545615","KTN6150cell199","RNA-Seq","TRANSCRIPTOMIC","RANDOM PCR","57816047;86510823"
"KTN615","pre_candidate","medium","alias contains 0cell; compatible with 0 cycles","SRR5960798","SRX3119294","SAMN07545653","KTN6150cell237","RNA-Seq","TRANSCRIPTOMIC","RANDOM PCR","44855499;67002169"
"KTN615","pre_candidate","medium","alias contains 0cell; compatible with 0 cycles","SRR5960799","SRX3119293","SAMN07545654","KTN6150cell238","RNA-Seq","TRANSCRIPTOMIC","RANDOM PCR","88805632;129703136"
"KTN615","pre_candidate","medium","alias contains 0cell; compatible with 0 cycles","SRR5960800","SRX3119292","SAMN07545651","KTN6150cell235","RNA-Seq","TRANSCRIPTOMIC","RANDOM PCR","70433004;102591214"
"KTN615","pre_candidate","medium","alias contains 0cell; compatible with 0 cycles","SRR5960801","SRX3119291","SAMN07545652","KTN6150cell236","RNA-Seq","TRANSCRIPTOMIC","RANDOM PCR","52428712;77823036"
"KTN615","pre_candidate","medium","alias contains 0cell; compatible with 0 cycles","SRR5960802","SRX3119290","SAMN07545649","KTN6150cell233","RNA-Seq","TRANSCRIPTOMIC","RANDOM PCR","26613634;39733302"
"KTN615","pre_candidate","medium","alias contains 0cell; compatible with 0 cycles","SRR5960803","SRX3119289","SAMN07545650","KTN6150cell234","RNA-Seq","TRANSCRIPTOMIC","RANDOM PCR","25633483;38854124"
"KTN615","pre_candidate","medium","alias contains 0cell; compatible with 0 cycles","SRR5960804","SRX3119288","SAMN07545647","KTN6150cell231","RNA-Seq","TRANSCRIPTOMIC","RANDOM PCR","45746563;67176784"
"KTN615","pre_candidate","medium","alias contains 0cell; compatible with 0 cycles","SRR5960805","SRX3119287","SAMN07545648","KTN6150cell232","RNA-Seq","TRANSCRIPTOMIC","RANDOM PCR","36751856;54666642"
"KTN615","mid_candidate","medium","alias contains 2cell; compatible with 2 cycles","SRR5960819","SRX3119273","SAMN07545719","KTN6152cell18","RNA-Seq","TRANSCRIPTOMIC","RANDOM PCR","25201120;35082616"
"KTN615","mid_candidate","medium","alias contains 2cell; compatible with 2 cycles","SRR5960820","SRX3119272","SAMN07545720","KTN6152cell19","RNA-Seq","TRANSCRIPTOMIC","RANDOM PCR","24778580;36424528"
"KTN615","mid_candidate","medium","alias contains 2cell; compatible with 2 cycles","SRR5960821","SRX3119271","SAMN07545717","KTN6152cell16","RNA-Seq","TRANSCRIPTOMIC","RANDOM PCR","41818700;60533190"
"KTN615","mid_candidate","medium","alias contains 2cell; compatible with 2 cycles","SRR5960822","SRX3119270","SAMN07545718","KTN6152cell17","RNA-Seq","TRANSCRIPTOMIC","RANDOM PCR","47497639;67684106"
"KTN615","mid_candidate","medium","alias contains 2cell; compatible with 2 cycles","SRR5960823","SRX3119269","SAMN07545723","KTN6152cell22","RNA-Seq","TRANSCRIPTOMIC","RANDOM PCR","23268867;35486660"
"KTN615","mid_candidate","medium","alias contains 2cell; compatible with 2 cycles","SRR5960824","SRX3119268","SAMN07545724","KTN6152cell23","RNA-Seq","TRANSCRIPTOMIC","RANDOM PCR","26461416;40418097"
"KTN615","mid_candidate","medium","alias contains 2cell; compatible with 2 cycles","SRR5960825","SRX3119267","SAMN07545721","KTN6152cell20","RNA-Seq","TRANSCRIPTOMIC","RANDOM PCR","10232059;15235477"
"KTN615","mid_candidate","medium","alias contains 2cell; compatible with 2 cycles","SRR5960826","SRX3119266","SAMN07545722","KTN6152cell21","RNA-Seq","TRANSCRIPTOMIC","RANDOM PCR","28122808;42159745"
"KTN615","mid_candidate","medium","alias contains 2cell; compatible with 2 cycles","SRR5960829","SRX3119263","SAMN07545725","KTN6152cell24","RNA-Seq","TRANSCRIPTOMIC","RANDOM PCR","23334565;34963085"
"KTN615","mid_candidate","medium","alias contains 2cell; compatible with 2 cycles","SRR5960830","SRX3119262","SAMN07545726","KTN6152cell25","RNA-Seq","TRANSCRIPTOMIC","RANDOM PCR","174837152;265420831"
