cell_id,PC1,PC2,PC3,PC4,run_accession,clinical_id,candidate_timepoint,timepoint_confidence,sample_alias,cluster
KTN302__KTN3022cell388,-1.84930264271863,-8.01143200607808,7.17052977975704,-4.32786181628474,SRR5958654,KTN302,mid_candidate,medium,KTN3022cell388,C3
KTN302__KTN3022cell387,-0.421298321280867,-7.64867659165956,5.1602998686808,-5.0588226516422,SRR5958655,KTN302,mid_candidate,medium,KTN3022cell387,C3
KTN302__KTN3022cell386,-8.29995036793199,-2.0809126379192,5.03570696167564,-3.58561559056987,SRR5958656,KTN302,mid_candidate,medium,KTN3022cell386,C3
KTN302__KTN3022cell385,14.9600457569904,-11.1013352419748,8.491687032119,-16.8283540540021,SRR5958657,KTN302,mid_candidate,medium,KTN3022cell385,C4
KTN302__KTN3022cell453,9.767496848307,-5.71652088665191,3.79281553415087,-9.81028965043467,SRR5958658,KTN302,mid_candidate,medium,KTN3022cell453,C4
KTN302__KTN3022cell305,-8.94497393295799,-8.02030612682914,7.79982817465437,1.8254730507028,SRR5958659,KTN302,mid_candidate,medium,KTN3022cell305,C3
KTN302__KTN3022cell284,-5.30040676873795,-8.63449630995738,5.18781221053565,-2.36761627717397,SRR5958660,KTN302,mid_candidate,medium,KTN3022cell284,C3
KTN302__KTN3022cell283,0.211856391741453,-9.56788884408035,5.30600439681973,-4.34372331790209,SRR5958661,KTN302,mid_candidate,medium,KTN3022cell283,C3
KTN302__KTN3022cell278,1.35262939562403,-8.54384322716694,8.8140990338907,-8.8550059774084,SRR5958662,KTN302,mid_candidate,medium,KTN3022cell278,C3
KTN302__KTN3022cell277,-0.475753118053785,-8.42492681993647,4.49000660389294,-7.74910534540562,SRR5958663,KTN302,mid_candidate,medium,KTN3022cell277,C3
KTN615__KTN6150cell200,-10.560720650687,-5.73144390049839,-10.5953387484,-0.235963171399746,SRR5960796,KTN615,pre_candidate,medium,KTN6150cell200,C1
KTN615__KTN6150cell199,-10.6119821195945,-4.02359430611355,-13.8508846182762,-1.46858743622849,SRR5960797,KTN615,pre_candidate,medium,KTN6150cell199,C1
KTN615__KTN6150cell237,-12.2609615038652,-2.62723543749367,-13.8049914320735,-0.991985493360285,SRR5960798,KTN615,pre_candidate,medium,KTN6150cell237,C1
KTN615__KTN6150cell238,-7.02693323199535,-3.86569552405232,-12.4636342030026,-6.04968455028767,SRR5960799,KTN615,pre_candidate,medium,KTN6150cell238,C1
KTN615__KTN6150cell235,-7.39728112521086,-4.99282547838675,-14.6171890964072,-4.48896642045304,SRR5960800,KTN615,pre_candidate,medium,KTN6150cell235,C1
KTN615__KTN6150cell236,-8.35482608399255,-2.7848094399412,-13.4989092717626,-5.98517070044271,SRR5960801,KTN615,pre_candidate,medium,KTN6150cell236,C1
KTN615__KTN6150cell233,-10.6194969826859,-3.2680732617726,-12.5672343510089,1.30080002781387,SRR5960802,KTN615,pre_candidate,medium,KTN6150cell233,C1
KTN615__KTN6150cell234,-6.85715858061548,-4.27699287012879,-14.1291468604154,-1.93570827426856,SRR5960803,KTN615,pre_candidate,medium,KTN6150cell234,C1
KTN615__KTN6150cell231,-9.12611015023978,-4.1387062184349,-10.3388300298395,-1.37502501847807,SRR5960804,KTN615,pre_candidate,medium,KTN6150cell231,C1
KTN615__KTN6150cell232,-10.7168360439097,-4.40163248761173,-11.1476421198689,-0.430822420675044,SRR5960805,KTN615,pre_candidate,medium,KTN6150cell232,C1
KTN615__KTN6152cell18,-11.0003152532053,-9.51190244524555,3.96627268991076,8.02347102973355,SRR5960819,KTN615,mid_candidate,medium,KTN6152cell18,C3
KTN615__KTN6152cell19,-10.9969124543799,-8.71112353477036,4.83999205308237,7.28972231583073,SRR5960820,KTN615,mid_candidate,medium,KTN6152cell19,C3
KTN615__KTN6152cell16,-15.4588330046203,-7.81139370937771,2.41027459354109,6.78836023921071,SRR5960821,KTN615,mid_candidate,medium,KTN6152cell16,C3
KTN615__KTN6152cell17,-10.0914298031921,-8.15746507127933,6.03815150454934,6.71416496896045,SRR5960822,KTN615,mid_candidate,medium,KTN6152cell17,C3
KTN615__KTN6152cell22,-14.4085926971695,-6.85533613338948,3.76891411271921,7.85404337087617,SRR5960823,KTN615,mid_candidate,medium,KTN6152cell22,C3
KTN615__KTN6152cell23,-12.6657202796999,-6.03598047412938,4.31736755964979,7.27602554997479,SRR5960824,KTN615,mid_candidate,medium,KTN6152cell23,C3
KTN615__KTN6152cell20,-4.67925104075717,-9.9943404121982,3.85322489858932,3.87384694435513,SRR5960825,KTN615,mid_candidate,medium,KTN6152cell20,C3
KTN615__KTN6152cell21,-16.055888545175,-7.35001981949337,4.45016642212607,7.73646264974561,SRR5960826,KTN615,mid_candidate,medium,KTN6152cell21,C3
KTN615__KTN6152cell24,-11.6707905181432,-7.19907288402278,3.85765219727346,8.00920456757774,SRR5960829,KTN615,mid_candidate,medium,KTN6152cell24,C3
KTN615__KTN6152cell25,-9.58166546312954,-6.11765888768543,2.69301046512635,6.92823177552366,SRR5960830,KTN615,mid_candidate,medium,KTN6152cell25,C3
KTN132__KTN1322cell443,19.0844387150634,5.71749317430856,-0.655315017973088,3.71624074867083,SRR5961314,KTN132,mid_candidate,medium,KTN1322cell443,C4
KTN132__KTN1322cell442,16.852050783681,6.51998907060362,-1.97113890900941,12.0947044851065,SRR5961315,KTN132,mid_candidate,medium,KTN1322cell442,C4
KTN132__KTN1322cell439,18.0918611802009,7.34381966098582,-1.67002777124553,3.03997040698094,SRR5961316,KTN132,mid_candidate,medium,KTN1322cell439,C4
KTN132__KTN1322cell438,12.3156555417011,-3.32628453543751,3.03710737014114,11.6084339201821,SRR5961317,KTN132,mid_candidate,medium,KTN1322cell438,C4
KTN132__KTN1322cell441,11.1833307483166,7.92139462495517,-1.17282583852333,15.2239296068687,SRR5961318,KTN132,mid_candidate,medium,KTN1322cell441,C4
KTN132__KTN1322cell440,21.0202166955577,2.80876488358648,0.566606685320956,3.66393035678195,SRR5961319,KTN132,mid_candidate,medium,KTN1322cell440,C4
KTN132__KTN1322cell435,17.61423411345,6.59187823056727,-1.52771922094689,5.83020662673281,SRR5961320,KTN132,mid_candidate,medium,KTN1322cell435,C4
KTN132__KTN1322cell434,17.6669549407549,7.9113791146826,-4.54056865207896,3.0666618697632,SRR5961321,KTN132,mid_candidate,medium,KTN1322cell434,C4
KTN132__KTN1322cell437,14.6359737908778,6.71818879258702,-1.84707930000687,6.46303331160936,SRR5961322,KTN132,mid_candidate,medium,KTN1322cell437,C4
KTN132__KTN1322cell436,16.5560630558377,6.11833417404213,-1.87225476222148,5.26990956083562,SRR5961323,KTN132,mid_candidate,medium,KTN1322cell436,C4
KTN132__KTN1320cell71,23.0609970009205,2.37954136398014,-0.978858375376462,0.0801889208042477,SRR5967478,KTN132,pre_candidate,medium,KTN1320cell71,C4
KTN132__KTN1320cell72,23.1362257399147,1.75483645326375,0.378541189408929,-0.185481732702442,SRR5967479,KTN132,pre_candidate,medium,KTN1320cell72,C4
KTN132__KTN1320cell73,23.9392367313199,-1.23917141176559,2.42846103310951,-2.90933286651143,SRR5967480,KTN132,pre_candidate,medium,KTN1320cell73,C4
KTN132__KTN1320cell74,22.9711460761043,-0.832566720966136,1.78741294359852,-5.26002183918026,SRR5967481,KTN132,pre_candidate,medium,KTN1320cell74,C4
KTN132__KTN1320cell75,23.2861655857158,-1.80377844673506,-0.432818079640945,-5.14874941199687,SRR5967482,KTN132,pre_candidate,medium,KTN1320cell75,C4
KTN132__KTN1320cell76,21.866365889288,4.52492529852555,1.25823260742589,-2.67694348845988,SRR5967483,KTN132,pre_candidate,medium,KTN1320cell76,C4
KTN132__KTN1320cell77,21.9717860769307,2.82954826553275,-0.594704285635159,-2.69947811867689,SRR5967484,KTN132,pre_candidate,medium,KTN1320cell77,C4
KTN132__KTN1320cell78,25.0681809623824,1.32141154726877,1.0788176761913,-6.35223408393595,SRR5967485,KTN132,pre_candidate,medium,KTN1320cell78,C4
KTN132__KTN1320cell79,23.1902981381921,0.982627707543786,-0.628345351315539,-0.221265145753407,SRR5967486,KTN132,pre_candidate,medium,KTN1320cell79,C4
KTN132__KTN1320cell80,22.0480164648631,3.41036519099763,-0.461727158794598,-1.60480216981658,SRR5967487,KTN132,pre_candidate,medium,KTN1320cell80,C4
KTN302__KTN3020cell111,-20.4109595369418,13.6377777656361,2.76245014309236,-1.85954836936879,SRR5968377,KTN302,pre_candidate,medium,KTN3020cell111,C2
KTN302__KTN3020cell112,-17.6332135329798,13.3909925678466,1.97766724721127,-3.4206561085044,SRR5968378,KTN302,pre_candidate,medium,KTN3020cell112,C2
KTN302__KTN3020cell300,-18.7556951993667,13.2460533860503,3.05884214258006,-3.36201954594626,SRR5968379,KTN302,pre_candidate,medium,KTN3020cell300,C2
KTN302__KTN3020cell299,-19.2892976202472,12.9575320523312,3.42149131438915,-2.7434544901446,SRR5968380,KTN302,pre_candidate,medium,KTN3020cell299,C2
KTN302__KTN3020cell115,-18.754841618963,13.5273203469658,3.28883715990715,-2.98579224433567,SRR5968381,KTN302,pre_candidate,medium,KTN3020cell115,C2
KTN302__KTN3020cell116,-20.1358094895418,12.3315985765085,4.27707974759527,-3.61375781481657,SRR5968382,KTN302,pre_candidate,medium,KTN3020cell116,C2
KTN302__KTN3020cell117,-15.1370367802787,12.1342925984931,2.40220122325295,-2.94772609187089,SRR5968383,KTN302,pre_candidate,medium,KTN3020cell117,C2
KTN302__KTN3020cell118,-16.0545447490761,11.6596188558055,4.98352733974624,-4.00909477553085,SRR5968384,KTN302,pre_candidate,medium,KTN3020cell118,C2
KTN302__KTN3020cell294,-20.1797143310141,12.3964649147576,4.29139519252491,-2.62628087083055,SRR5968385,KTN302,pre_candidate,medium,KTN3020cell294,C2
KTN302__KTN3020cell293,-20.0667230813769,12.6712934853577,2.92469634558299,-3.16206896984198,SRR5968386,KTN302,pre_candidate,medium,KTN3020cell293,C2
