"cluster","rank","gene_id","score"
"C1",1,"ENSG00000162896",10.158644460114
"C1",2,"ENSG00000126545",8.68987330427886
"C1",3,"ENSG00000161055",8.65202939206111
"C1",4,"ENSG00000151882",8.6295754399032
"C1",5,"ENSG00000171209",8.45020789695203
"C1",6,"ENSG00000157404",8.2867939141968
"C1",7,"ENSG00000172201",7.74632479350774
"C1",8,"ENSG00000132465",7.74266928041356
"C1",9,"ENSG00000189058",7.3270781125808
"C1",10,"ENSG00000154856",6.8796096807659
"C1",11,"ENSG00000064651",6.82916867011443
"C1",12,"ENSG00000150593",6.58662311741631
"C1",13,"ENSG00000230937",6.28177689491617
"C1",14,"ENSG00000148053",5.96987391562826
"C1",15,"ENSG00000069702",5.84343193304381
"C1",16,"ENSG00000104332",5.69901345881117
"C1",17,"ENSG00000171346",5.59216467288646
"C1",18,"ENSG00000147862",5.55114595903916
"C1",19,"ENSG00000269893",5.54081528691533
"C1",20,"ENSG00000145824",5.5341956599369
"C1",21,"ENSG00000131620",5.52878676210274
"C1",22,"ENSG00000081479",5.50022300029811
"C1",23,"ENSG00000111907",5.46841303394147
"C1",24,"ENSG00000115468",5.38469593857784
"C1",25,"ENSG00000170561",5.36995124988761
"C1",26,"ENSG00000116299",5.3035381657118
"C1",27,"ENSG00000170549",5.28911476030313
"C1",28,"ENSG00000153246",5.22520627429246
"C1",29,"ENSG00000198947",5.18568816441653
"C1",30,"ENSG00000104763",5.11664039030398
"C1",31,"ENSG00000065618",5.08600140709707
"C1",32,"ENSG00000188001",5.08444715305267
"C1",33,"ENSG00000133392",5.0523551028069
"C1",34,"ENSG00000185559",5.03555507715419
"C1",35,"ENSG00000150938",4.99641744761974
"C1",36,"ENSG00000126804",4.98612492852305
"C1",37,"ENSG00000211895",4.97548772391953
"C1",38,"ENSG00000091409",4.96788910119298
"C1",39,"ENSG00000107798",4.8542562260005
"C1",40,"ENSG00000173757",4.80173862724511
"C1",41,"ENSG00000139289",4.70893050320364
"C1",42,"ENSG00000164346",4.69138701157833
"C1",43,"ENSG00000211899",4.6803425002569
"C1",44,"ENSG00000092964",4.67145055016493
"C1",45,"ENSG00000134644",4.67059209365061
"C1",46,"ENSG00000145675",4.66811759691677
"C1",47,"ENSG00000119681",4.63414228110713
"C1",48,"ENSG00000250321",4.60249407301642
"C1",49,"ENSG00000168077",4.59788839538071
"C1",50,"ENSG00000233254",4.5933239699534
"C2",1,"ENSG00000249992",8.58802525072407
"C2",2,"ENSG00000138778",7.96504695888683
"C2",3,"ENSG00000177283",7.65159400141973
"C2",4,"ENSG00000163064",7.10531001209711
"C2",5,"ENSG00000066468",6.79557926554978
"C2",6,"ENSG00000066279",6.74284406626942
"C2",7,"ENSG00000143013",6.69607433734169
"C2",8,"ENSG00000154734",6.63867384162537
"C2",9,"ENSG00000153551",6.35132986287659
"C2",10,"ENSG00000147853",6.27799425738649
"C2",11,"ENSG00000183354",6.21849469432168
"C2",12,"ENSG00000068489",6.07183154050261
"C2",13,"ENSG00000163661",6.05634812770961
"C2",14,"ENSG00000133739",6.04155430200915
"C2",15,"ENSG00000179041",5.94009553955752
"C2",16,"ENSG00000116285",5.93830164560063
"C2",17,"ENSG00000156802",5.92737122048881
"C2",18,"ENSG00000256916",5.89400213063327
"C2",19,"ENSG00000087586",5.88298047961791
"C2",20,"ENSG00000148773",5.85527453218928
"C2",21,"ENSG00000065911",5.84633430744369
"C2",22,"ENSG00000172243",5.84175935202157
"C2",23,"ENSG00000215114",5.8129229584228
"C2",24,"ENSG00000185697",5.79459225320892
"C2",25,"ENSG00000147676",5.75837106044231
"C2",26,"ENSG00000116717",5.7508691295146
"C2",27,"ENSG00000134709",5.73527865090982
"C2",28,"ENSG00000164045",5.70699965346971
"C2",29,"ENSG00000210196",5.69211466752889
"C2",30,"ENSG00000085788",5.67801626015185
"C2",31,"ENSG00000145293",5.6629038065377
"C2",32,"ENSG00000122483",5.65580502240397
"C2",33,"ENSG00000113810",5.61799662126914
"C2",34,"ENSG00000095739",5.5762691369103
"C2",35,"ENSG00000137673",5.57476778529393
"C2",36,"ENSG00000118785",5.50594756211219
"C2",37,"ENSG00000181744",5.49023048296385
"C2",38,"ENSG00000154473",5.47840386856597
"C2",39,"ENSG00000072274",5.4632709118285
"C2",40,"ENSG00000101333",5.46120830382966
"C2",41,"ENSG00000139289",5.45829970046561
"C2",42,"ENSG00000257103",5.45541161905633
"C2",43,"ENSG00000156735",5.45164836779574
"C2",44,"ENSG00000119866",5.44994822951694
"C2",45,"ENSG00000107020",5.44797327396325
"C2",46,"ENSG00000080608",5.44768766647107
"C2",47,"ENSG00000134371",5.44434982850286
"C2",48,"ENSG00000136720",5.42402751544862
"C2",49,"ENSG00000163273",5.41137470207341
"C2",50,"ENSG00000145386",5.40716142295767
"C3",1,"ENSG00000204262",6.61595200077222
"C3",2,"ENSG00000181617",6.47579461194264
"C3",3,"ENSG00000106819",6.22070447467665
"C3",4,"ENSG00000139329",5.86627657773091
"C3",5,"ENSG00000137673",5.83761346760126
"C3",6,"ENSG00000150687",5.67008816384175
"C3",7,"ENSG00000145423",5.66858149267281
"C3",8,"ENSG00000154096",5.60962563711707
"C3",9,"ENSG00000106624",5.56230558830501
"C3",10,"ENSG00000128422",5.50725739360935
"C3",11,"ENSG00000113140",5.49161796188814
"C3",12,"ENSG00000091986",5.42582856440381
"C3",13,"ENSG00000196628",5.40023768333228
"C3",14,"ENSG00000108821",5.37308507549909
"C3",15,"ENSG00000111348",5.36159934395141
"C3",16,"ENSG00000164692",5.32913993091453
"C3",17,"ENSG00000144810",5.31481704368662
"C3",18,"ENSG00000116962",5.27373379346244
"C3",19,"ENSG00000142156",5.23348670356603
"C3",20,"ENSG00000111799",5.18263376799557
"C3",21,"ENSG00000170801",5.10898952240209
"C3",22,"ENSG00000148516",5.07591662808928
"C3",23,"ENSG00000082074",5.04379371311218
"C3",24,"ENSG00000166033",5.02939062952382
"C3",25,"ENSG00000099953",5.00646676509107
"C3",26,"ENSG00000126550",4.9654553711345
"C3",27,"ENSG00000140937",4.95130440286517
"C3",28,"ENSG00000060718",4.94723696070556
"C3",29,"ENSG00000168542",4.94720959578868
"C3",30,"ENSG00000130635",4.94305694259187
"C3",31,"ENSG00000137801",4.93754608726276
"C3",32,"ENSG00000137959",4.88657098628702
"C3",33,"ENSG00000118523",4.8750528222667
"C3",34,"ENSG00000011465",4.86036944433966
"C3",35,"ENSG00000107562",4.83775667862291
"C3",36,"ENSG00000129009",4.83754864442642
"C3",37,"ENSG00000123500",4.80920314114132
"C3",38,"ENSG00000132465",4.69853488678561
"C3",39,"ENSG00000134258",4.69838433526123
"C3",40,"ENSG00000137573",4.69529043734799
"C3",41,"ENSG00000158747",4.69381441586757
"C3",42,"ENSG00000185479",4.68698261745021
"C3",43,"ENSG00000149257",4.65722134384221
"C3",44,"ENSG00000168386",4.6529988036537
"C3",45,"ENSG00000159403",4.60868377448115
"C3",46,"ENSG00000102024",4.5700756430638
"C3",47,"ENSG00000196562",4.50154816268958
"C3",48,"ENSG00000108244",4.49269495774977
"C3",49,"ENSG00000133816",4.49263355637084
"C3",50,"ENSG00000119922",4.4880199871253
"C4",1,"ENSG00000110484",8.8808880690975
"C4",2,"ENSG00000143546",7.55822081651056
"C4",3,"ENSG00000160182",7.02995572752294
"C4",4,"ENSG00000143556",6.93128287035047
"C4",5,"ENSG00000231991",6.82515107285271
"C4",6,"ENSG00000163220",6.47182854711039
"C4",7,"ENSG00000163993",6.39894253033073
"C4",8,"ENSG00000198618",5.13861148528186
"C4",9,"ENSG00000224415",4.83120622639272
"C4",10,"ENSG00000111057",4.81625963709395
"C4",11,"ENSG00000115648",4.80714950300748
"C4",12,"ENSG00000172551",4.74833458873933
"C4",13,"ENSG00000234745",4.68943200159641
"C4",14,"ENSG00000111640",4.68263247745595
"C4",15,"ENSG00000281383",4.50066295305182
"C4",16,"ENSG00000166710",4.48419523735327
"C4",17,"ENSG00000178568",4.42035900065942
"C4",18,"ENSG00000170421",4.28331532284481
"C4",19,"ENSG00000166794",4.27744819212442
"C4",20,"ENSG00000106541",4.25813912103426
"C4",21,"ENSG00000177600",4.23908022882649
"C4",22,"ENSG00000189001",4.15555649780242
"C4",23,"ENSG00000179218",4.06189227238636
"C4",24,"ENSG00000168298",4.02480319499945
"C4",25,"ENSG00000102265",3.93674566171763
"C4",26,"ENSG00000288867",3.77593144924623
"C4",27,"ENSG00000216740",3.72687493684965
"C4",28,"ENSG00000184357",3.69081008199243
"C4",29,"ENSG00000254012",3.68875728777426
"C4",30,"ENSG00000165949",3.64304655199964
"C4",31,"ENSG00000235808",3.59761330297494
"C4",32,"ENSG00000160862",3.55566258857904
"C4",33,"ENSG00000084207",3.5464132402089
"C4",34,"ENSG00000224083",3.52377856482627
"C4",35,"ENSG00000227173",3.47164795510364
"C4",36,"ENSG00000280800",3.47028070787111
"C4",37,"ENSG00000143578",3.4646406015771
"C4",38,"ENSG00000219146",3.42444708509856
"C4",39,"ENSG00000236552",3.41696607341998
"C4",40,"ENSG00000230897",3.38250603757223
"C4",41,"ENSG00000236762",3.34408532506935
"C4",42,"ENSG00000227347",3.34186689673355
"C4",43,"ENSG00000225093",3.32350924350791
"C4",44,"ENSG00000235644",3.31796563384175
"C4",45,"ENSG00000189334",3.31618580642509
"C4",46,"ENSG00000105401",3.30737806526034
"C4",47,"ENSG00000230508",3.27805268320861
"C4",48,"ENSG00000230291",3.25397004473076
"C4",49,"ENSG00000138696",3.25252393711588
"C4",50,"ENSG00000238003",3.19949103216129
