"group","rank","gene_id","score"
"KTN132__mid_candidate",1,"ENSG00000110484",9.52665308470467
"KTN132__mid_candidate",2,"ENSG00000137673",-7.67037040963315
"KTN132__mid_candidate",3,"ENSG00000172551",7.5218676907824
"KTN132__mid_candidate",4,"ENSG00000160862",7.35857169722495
"KTN132__mid_candidate",5,"ENSG00000234745",7.20956102107216
"KTN132__mid_candidate",6,"ENSG00000143578",6.84454394542723
"KTN132__mid_candidate",7,"ENSG00000163993",6.79354944718401
"KTN132__mid_candidate",8,"ENSG00000147862",-6.63923689332813
"KTN132__mid_candidate",9,"ENSG00000111640",6.49666876188787
"KTN132__mid_candidate",10,"ENSG00000231991",6.40174293348703
"KTN132__mid_candidate",11,"ENSG00000132465",-6.3296068036812
"KTN132__mid_candidate",12,"ENSG00000104332",-6.27427038539134
"KTN132__mid_candidate",13,"ENSG00000115648",6.11708785969471
"KTN132__mid_candidate",14,"ENSG00000111057",6.00618629902519
"KTN132__mid_candidate",15,"ENSG00000171346",-6.00085297806695
"KTN132__mid_candidate",16,"ENSG00000178568",5.98910289813782
"KTN132__mid_candidate",17,"ENSG00000228253",-5.96075204493063
"KTN132__mid_candidate",18,"ENSG00000210144",-5.92492733222948
"KTN132__mid_candidate",19,"ENSG00000166794",5.89823034448081
"KTN132__mid_candidate",20,"ENSG00000109846",-5.89166585975838
"KTN132__mid_candidate",21,"ENSG00000094755",-5.82248618241454
"KTN132__mid_candidate",22,"ENSG00000138696",5.72128488376828
"KTN132__mid_candidate",23,"ENSG00000119900",-5.71875187791956
"KTN132__mid_candidate",24,"ENSG00000184357",5.64697559587842
"KTN132__mid_candidate",25,"ENSG00000126709",5.62882425851493
"KTN132__mid_candidate",26,"ENSG00000198618",5.58489979315971
"KTN132__mid_candidate",27,"ENSG00000143546",5.5767946111037
"KTN132__mid_candidate",28,"ENSG00000124935",5.55164388712423
"KTN132__mid_candidate",29,"ENSG00000168298",5.47256012205329
"KTN132__mid_candidate",30,"ENSG00000163220",5.46799596193775
"KTN132__mid_candidate",31,"ENSG00000107372",-5.46096657072118
"KTN132__mid_candidate",32,"ENSG00000211895",-5.45300377849706
"KTN132__mid_candidate",33,"ENSG00000182253",-5.36435493455668
"KTN132__mid_candidate",34,"ENSG00000170421",5.34594583394879
"KTN132__mid_candidate",35,"ENSG00000115310",-5.33892034233583
"KTN132__mid_candidate",36,"ENSG00000149547",-5.3363932799656
"KTN132__mid_candidate",37,"ENSG00000026025",-5.33636358811236
"KTN132__mid_candidate",38,"ENSG00000084207",5.33279963773789
"KTN132__mid_candidate",39,"ENSG00000160182",5.31928726431219
"KTN132__mid_candidate",40,"ENSG00000179218",5.29792488250785
"KTN132__mid_candidate",41,"ENSG00000228205",5.28925185898422
"KTN132__mid_candidate",42,"ENSG00000144746",-5.28765845739996
"KTN132__mid_candidate",43,"ENSG00000235084",5.25397027807409
"KTN132__mid_candidate",44,"ENSG00000164434",5.2458902164005
"KTN132__mid_candidate",45,"ENSG00000162734",-5.15156545186419
"KTN132__mid_candidate",46,"ENSG00000083845",5.08209915080633
"KTN132__mid_candidate",47,"ENSG00000129084",-5.07593400794066
"KTN132__mid_candidate",48,"ENSG00000188229",5.06420792266526
"KTN132__mid_candidate",49,"ENSG00000164733",-5.05250882392706
"KTN132__mid_candidate",50,"ENSG00000235115",5.0480833812875
"KTN132__mid_candidate",51,"ENSG00000085063",-5.04455526899563
"KTN132__mid_candidate",52,"ENSG00000185650",-4.96059723206712
"KTN132__mid_candidate",53,"ENSG00000117472",4.94643645396499
"KTN132__mid_candidate",54,"ENSG00000180574",4.94470420567287
"KTN132__mid_candidate",55,"ENSG00000103534",4.94074754852664
"KTN132__mid_candidate",56,"ENSG00000115419",-4.92783099253588
"KTN132__mid_candidate",57,"ENSG00000154001",-4.87315005191414
"KTN132__mid_candidate",58,"ENSG00000148053",-4.83875275217612
"KTN132__mid_candidate",59,"ENSG00000143013",-4.8353306238758
"KTN132__mid_candidate",60,"ENSG00000165949",4.8178134364357
"KTN132__mid_candidate",61,"ENSG00000111716",-4.80472890563173
"KTN132__mid_candidate",62,"ENSG00000105518",4.7948948365142
"KTN132__mid_candidate",63,"ENSG00000125534",-4.79352156454696
"KTN132__mid_candidate",64,"ENSG00000132744",4.77601668819304
"KTN132__mid_candidate",65,"ENSG00000118785",-4.75323872531076
"KTN132__mid_candidate",66,"ENSG00000067560",-4.75202250740116
"KTN132__mid_candidate",67,"ENSG00000212802",4.7259744431313
"KTN132__mid_candidate",68,"ENSG00000171867",-4.71491409586213
"KTN132__mid_candidate",69,"ENSG00000166710",4.69361874466553
"KTN132__mid_candidate",70,"ENSG00000231369",4.66737042626423
"KTN132__mid_candidate",71,"ENSG00000214756",-4.66258303190751
"KTN132__mid_candidate",72,"ENSG00000198162",-4.65333991915693
"KTN132__mid_candidate",73,"ENSG00000140941",-4.65099202144826
"KTN132__mid_candidate",74,"ENSG00000225093",4.64954383914106
"KTN132__mid_candidate",75,"ENSG00000091409",-4.64329259894147
"KTN132__mid_candidate",76,"ENSG00000128245",-4.63290709634788
"KTN132__mid_candidate",77,"ENSG00000115355",-4.62901777697576
"KTN132__mid_candidate",78,"ENSG00000134258",-4.62466622131232
"KTN132__mid_candidate",79,"ENSG00000244468",4.61870042925193
"KTN132__mid_candidate",80,"ENSG00000159176",-4.61778192555049
"KTN132__mid_candidate",81,"ENSG00000102265",4.61209638853804
"KTN132__mid_candidate",82,"ENSG00000002834",4.60263872933694
"KTN132__mid_candidate",83,"ENSG00000026508",-4.59127602845976
"KTN132__mid_candidate",84,"ENSG00000110717",4.56761601757924
"KTN132__mid_candidate",85,"ENSG00000109654",-4.5648794747859
"KTN132__mid_candidate",86,"ENSG00000169439",-4.55543246110267
"KTN132__mid_candidate",87,"ENSG00000117983",4.5542536625157
"KTN132__mid_candidate",88,"ENSG00000174021",4.54783411342801
"KTN132__mid_candidate",89,"ENSG00000106541",4.54199254709621
"KTN132__mid_candidate",90,"ENSG00000236552",4.53863454799728
"KTN132__mid_candidate",91,"ENSG00000092964",-4.53142581486312
"KTN132__mid_candidate",92,"ENSG00000107863",-4.53120791448844
"KTN132__mid_candidate",93,"ENSG00000104611",4.52781360874976
"KTN132__mid_candidate",94,"ENSG00000210196",-4.50786189406853
"KTN132__mid_candidate",95,"ENSG00000115380",-4.50560387083235
"KTN132__mid_candidate",96,"ENSG00000160213",4.49910438274965
"KTN132__mid_candidate",97,"ENSG00000141867",-4.48685910302634
"KTN132__mid_candidate",98,"ENSG00000167799",4.47169302273994
"KTN132__mid_candidate",99,"ENSG00000187608",4.47092778675656
"KTN132__mid_candidate",100,"ENSG00000213719",4.45797235962589
"KTN132__pre_candidate",1,"ENSG00000143556",9.02848860482183
"KTN132__pre_candidate",2,"ENSG00000228253",-8.09066436746571
"KTN132__pre_candidate",3,"ENSG00000137673",-7.67037040963315
"KTN132__pre_candidate",4,"ENSG00000143546",7.08073939526872
"KTN132__pre_candidate",5,"ENSG00000160182",7.05343481612818
"KTN132__pre_candidate",6,"ENSG00000111341",-6.99367507129212
"KTN132__pre_candidate",7,"ENSG00000147862",-6.63923689332813
"KTN132__pre_candidate",8,"ENSG00000198162",-6.55942332301086
"KTN132__pre_candidate",9,"ENSG00000198695",-6.54735423963408
"KTN132__pre_candidate",10,"ENSG00000026025",-6.54168013197966
"KTN132__pre_candidate",11,"ENSG00000104332",-6.34124734144207
"KTN132__pre_candidate",12,"ENSG00000198786",-6.32436614767757
"KTN132__pre_candidate",13,"ENSG00000135046",-6.3109429783193
"KTN132__pre_candidate",14,"ENSG00000105141",6.26819079104182
"KTN132__pre_candidate",15,"ENSG00000119900",-6.22987407119365
"KTN132__pre_candidate",16,"ENSG00000012223",-6.21643717568361
"KTN132__pre_candidate",17,"ENSG00000120742",-6.20085006118217
"KTN132__pre_candidate",18,"ENSG00000117632",-6.17012942729063
"KTN132__pre_candidate",19,"ENSG00000065154",-6.16677218307915
"KTN132__pre_candidate",20,"ENSG00000137970",-6.05746046934229
"KTN132__pre_candidate",21,"ENSG00000240409",-5.94580662279359
"KTN132__pre_candidate",22,"ENSG00000123983",-5.90661290555494
"KTN132__pre_candidate",23,"ENSG00000115310",-5.88787636254931
"KTN132__pre_candidate",24,"ENSG00000124783",-5.87941050135313
"KTN132__pre_candidate",25,"ENSG00000119655",-5.87471586518987
"KTN132__pre_candidate",26,"ENSG00000109332",-5.86370257296708
"KTN132__pre_candidate",27,"ENSG00000231991",5.8569171533301
"KTN132__pre_candidate",28,"ENSG00000171867",-5.82462947006379
"KTN132__pre_candidate",29,"ENSG00000094755",-5.82248618241454
"KTN132__pre_candidate",30,"ENSG00000085063",-5.82126100131998
"KTN132__pre_candidate",31,"ENSG00000110484",5.81278881027298
"KTN132__pre_candidate",32,"ENSG00000187109",-5.7782263899249
"KTN132__pre_candidate",33,"ENSG00000210144",-5.74690107266417
"KTN132__pre_candidate",34,"ENSG00000119335",-5.70617480255348
"KTN132__pre_candidate",35,"ENSG00000143013",-5.69230136866319
"KTN132__pre_candidate",36,"ENSG00000234741",-5.68509258877779
"KTN132__pre_candidate",37,"ENSG00000169908",-5.67208252644891
"KTN132__pre_candidate",38,"ENSG00000115461",-5.67174604726683
"KTN132__pre_candidate",39,"ENSG00000118816",-5.65187440345439
"KTN132__pre_candidate",40,"ENSG00000109846",-5.62938474862665
"KTN132__pre_candidate",41,"ENSG00000026508",-5.62449935369694
"KTN132__pre_candidate",42,"ENSG00000100852",-5.60951660970588
"KTN132__pre_candidate",43,"ENSG00000177565",-5.60663175602368
"KTN132__pre_candidate",44,"ENSG00000213639",-5.60538932795452
"KTN132__pre_candidate",45,"ENSG00000095787",-5.56230431228641
"KTN132__pre_candidate",46,"ENSG00000171346",-5.54781182596244
"KTN132__pre_candidate",47,"ENSG00000241837",-5.47666393357477
"KTN132__pre_candidate",48,"ENSG00000188243",-5.47636587248062
"KTN132__pre_candidate",49,"ENSG00000103187",-5.46666091909086
"KTN132__pre_candidate",50,"ENSG00000104341",-5.4500649275177
"KTN132__pre_candidate",51,"ENSG00000138061",-5.43331178454736
"KTN132__pre_candidate",52,"ENSG00000185650",-5.41327515566661
"KTN132__pre_candidate",53,"ENSG00000136156",-5.385142492741
"KTN132__pre_candidate",54,"ENSG00000131171",-5.38183882977807
"KTN132__pre_candidate",55,"ENSG00000156804",-5.37625384793352
"KTN132__pre_candidate",56,"ENSG00000102317",-5.37075456046197
"KTN132__pre_candidate",57,"ENSG00000101745",-5.36778857333761
"KTN132__pre_candidate",58,"ENSG00000135374",-5.36472013451248
"KTN132__pre_candidate",59,"ENSG00000118705",-5.34369482329154
"KTN132__pre_candidate",60,"ENSG00000131174",-5.32656065504105
"KTN132__pre_candidate",61,"ENSG00000168036",-5.30215750412236
"KTN132__pre_candidate",62,"ENSG00000115355",-5.27480115227827
"KTN132__pre_candidate",63,"ENSG00000005483",-5.27100372780836
"KTN132__pre_candidate",64,"ENSG00000122026",-5.26561022646324
"KTN132__pre_candidate",65,"ENSG00000184292",-5.25603848787554
"KTN132__pre_candidate",66,"ENSG00000178980",-5.25448560765747
"KTN132__pre_candidate",67,"ENSG00000166295",-5.22771281344821
"KTN132__pre_candidate",68,"ENSG00000075415",-5.22574985629922
"KTN132__pre_candidate",69,"ENSG00000204287",-5.22476002393873
"KTN132__pre_candidate",70,"ENSG00000067560",-5.2142659737148
"KTN132__pre_candidate",71,"ENSG00000110321",-5.20361029371632
"KTN132__pre_candidate",72,"ENSG00000265972",-5.20004761763274
"KTN132__pre_candidate",73,"ENSG00000051108",-5.18997108335822
"KTN132__pre_candidate",74,"ENSG00000132465",-5.18996826586699
"KTN132__pre_candidate",75,"ENSG00000110651",-5.16908381628374
"KTN132__pre_candidate",76,"ENSG00000110330",-5.16579922018843
"KTN132__pre_candidate",77,"ENSG00000112695",-5.15844200887375
"KTN132__pre_candidate",78,"ENSG00000112335",-5.15820054090295
"KTN132__pre_candidate",79,"ENSG00000111716",-5.14164743295562
"KTN132__pre_candidate",80,"ENSG00000108588",-5.13922329666751
"KTN132__pre_candidate",81,"ENSG00000127125",-5.12646336147361
"KTN132__pre_candidate",82,"ENSG00000210196",-5.11449622199476
"KTN132__pre_candidate",83,"ENSG00000133318",-5.11348142383679
"KTN132__pre_candidate",84,"ENSG00000163220",5.1132777309616
"KTN132__pre_candidate",85,"ENSG00000137831",-5.09738587586992
"KTN132__pre_candidate",86,"ENSG00000060138",-5.09665968442827
"KTN132__pre_candidate",87,"ENSG00000089248",-5.07827627949854
"KTN132__pre_candidate",88,"ENSG00000080345",-5.07287222842595
"KTN132__pre_candidate",89,"ENSG00000104408",-5.06449354479032
"KTN132__pre_candidate",90,"ENSG00000119314",-5.05336575779868
"KTN132__pre_candidate",91,"ENSG00000143742",-5.03853276766562
"KTN132__pre_candidate",92,"ENSG00000149547",-5.0364230134559
"KTN132__pre_candidate",93,"ENSG00000048828",-5.02953224457753
"KTN132__pre_candidate",94,"ENSG00000138069",-5.02280911968674
"KTN132__pre_candidate",95,"ENSG00000143543",-5.01079144165527
"KTN132__pre_candidate",96,"ENSG00000148700",-5.00818148906424
"KTN132__pre_candidate",97,"ENSG00000023445",-5.00136904496685
"KTN132__pre_candidate",98,"ENSG00000144746",-4.97141417436243
"KTN132__pre_candidate",99,"ENSG00000214756",-4.96652620581441
"KTN132__pre_candidate",100,"ENSG00000144674",-4.96029069258387
"KTN302__mid_candidate",1,"ENSG00000012223",6.51694280940581
"KTN302__mid_candidate",2,"ENSG00000253755",6.01393490236184
"KTN302__mid_candidate",3,"ENSG00000091436",-5.31446001913207
"KTN302__mid_candidate",4,"ENSG00000204262",5.07979466864881
"KTN302__mid_candidate",5,"ENSG00000169248",5.01044050691312
"KTN302__mid_candidate",6,"ENSG00000198162",4.93782437155865
"KTN302__mid_candidate",7,"ENSG00000137959",4.85827473965458
"KTN302__mid_candidate",8,"ENSG00000099953",4.84026251849386
"KTN302__mid_candidate",9,"ENSG00000060718",4.79811514543453
"KTN302__mid_candidate",10,"ENSG00000029993",-4.66183142548343
"KTN302__mid_candidate",11,"ENSG00000184432",-4.61492561526607
"KTN302__mid_candidate",12,"ENSG00000113140",4.58523335623298
"KTN302__mid_candidate",13,"ENSG00000106624",4.5550550856441
"KTN302__mid_candidate",14,"ENSG00000169245",4.53867440415494
"KTN302__mid_candidate",15,"ENSG00000112378",-4.44427078635767
"KTN302__mid_candidate",16,"ENSG00000108821",4.43107309512562
"KTN302__mid_candidate",17,"ENSG00000130816",-4.42243314697023
"KTN302__mid_candidate",18,"ENSG00000132465",4.3637239162295
"KTN302__mid_candidate",19,"ENSG00000137673",4.36046388888849
"KTN302__mid_candidate",20,"ENSG00000096696",-4.32570826076037
"KTN302__mid_candidate",21,"ENSG00000173369",4.31063638227218
"KTN302__mid_candidate",22,"ENSG00000214535",-4.30869852700924
"KTN302__mid_candidate",23,"ENSG00000230837",-4.27117833775943
"KTN302__mid_candidate",24,"ENSG00000164692",4.2599838627365
"KTN302__mid_candidate",25,"ENSG00000166347",-4.18534105219004
"KTN302__mid_candidate",26,"ENSG00000131747",-4.17760971804946
"KTN302__mid_candidate",27,"ENSG00000119922",4.15786617941535
"KTN302__mid_candidate",28,"ENSG00000132432",-4.14779647529066
"KTN302__mid_candidate",29,"ENSG00000137573",4.11034834859343
"KTN302__mid_candidate",30,"ENSG00000150687",4.07656290711871
"KTN302__mid_candidate",31,"ENSG00000026025",4.01637815442602
"KTN302__mid_candidate",32,"ENSG00000196628",3.99245414591029
"KTN302__mid_candidate",33,"ENSG00000176978",3.96884131666393
"KTN302__mid_candidate",34,"ENSG00000156482",-3.96546888047403
"KTN302__mid_candidate",35,"ENSG00000204580",-3.9520282480587
"KTN302__mid_candidate",36,"ENSG00000125304",-3.94546650883935
"KTN302__mid_candidate",37,"ENSG00000114391",-3.92554603237361
"KTN302__mid_candidate",38,"ENSG00000082074",3.91467553241871
"KTN302__mid_candidate",39,"ENSG00000124207",-3.89546656858294
"KTN302__mid_candidate",40,"ENSG00000162599",-3.87239904283305
"KTN302__mid_candidate",41,"ENSG00000125810",3.87160782487608
"KTN302__mid_candidate",42,"ENSG00000108256",-3.84910188807442
"KTN302__mid_candidate",43,"ENSG00000169062",3.83724361067164
"KTN302__mid_candidate",44,"ENSG00000241511",-3.83497364307938
"KTN302__mid_candidate",45,"ENSG00000228971",3.83324918013245
"KTN302__mid_candidate",46,"ENSG00000205426",3.83058659218523
"KTN302__mid_candidate",47,"ENSG00000165929",-3.81904323110404
"KTN302__mid_candidate",48,"ENSG00000111348",3.79499032551294
"KTN302__mid_candidate",49,"ENSG00000198721",3.73922436741118
"KTN302__mid_candidate",50,"ENSG00000163993",-3.72840775911837
"KTN302__mid_candidate",51,"ENSG00000211895",3.72204225898234
"KTN302__mid_candidate",52,"ENSG00000164171",-3.70245412620219
"KTN302__mid_candidate",53,"ENSG00000026508",3.69579957442757
"KTN302__mid_candidate",54,"ENSG00000181524",-3.69259679426885
"KTN302__mid_candidate",55,"ENSG00000112379",-3.69227317127636
"KTN302__mid_candidate",56,"ENSG00000168542",3.69097003639643
"KTN302__mid_candidate",57,"ENSG00000147862",3.67218653981325
"KTN302__mid_candidate",58,"ENSG00000141750",3.67180681130491
"KTN302__mid_candidate",59,"ENSG00000142156",3.64914882190667
"KTN302__mid_candidate",60,"ENSG00000067248",-3.62490688453969
"KTN302__mid_candidate",61,"ENSG00000231991",-3.58326268633847
"KTN302__mid_candidate",62,"ENSG00000249096",3.54489945531895
"KTN302__mid_candidate",63,"ENSG00000133110",3.53093423878132
"KTN302__mid_candidate",64,"ENSG00000106244",-3.5217466979934
"KTN302__mid_candidate",65,"ENSG00000149257",3.51186057053551
"KTN302__mid_candidate",66,"ENSG00000202538",3.51166867899268
"KTN302__mid_candidate",67,"ENSG00000122565",-3.51037692108972
"KTN302__mid_candidate",68,"ENSG00000129009",3.50613559514779
"KTN302__mid_candidate",69,"ENSG00000163875",-3.50253408760939
"KTN302__mid_candidate",70,"ENSG00000100523",3.50054869029509
"KTN302__mid_candidate",71,"ENSG00000150753",-3.49950710078512
"KTN302__mid_candidate",72,"ENSG00000115956",3.48967968625862
"KTN302__mid_candidate",73,"ENSG00000244535",-3.48837101041843
"KTN302__mid_candidate",74,"ENSG00000011465",3.48570896870437
"KTN302__mid_candidate",75,"ENSG00000023445",3.48488104804391
"KTN302__mid_candidate",76,"ENSG00000114315",-3.46362476657577
"KTN302__mid_candidate",77,"ENSG00000134248",-3.45601367095956
"KTN302__mid_candidate",78,"ENSG00000128422",3.45429977754925
"KTN302__mid_candidate",79,"ENSG00000135046",3.4477184512165
"KTN302__mid_candidate",80,"ENSG00000168386",3.44417236527202
"KTN302__mid_candidate",81,"ENSG00000226221",-3.4254605979556
"KTN302__mid_candidate",82,"ENSG00000148773",-3.42524293879597
"KTN302__mid_candidate",83,"ENSG00000243964",-3.40851949531586
"KTN302__mid_candidate",84,"ENSG00000115355",3.40728152851162
"KTN302__mid_candidate",85,"ENSG00000115221",-3.39948619573865
"KTN302__mid_candidate",86,"ENSG00000133606",-3.39295987009879
"KTN302__mid_candidate",87,"ENSG00000148516",3.38789374871069
"KTN302__mid_candidate",88,"ENSG00000138758",3.37156305669563
"KTN302__mid_candidate",89,"ENSG00000133106",3.36701160991889
"KTN302__mid_candidate",90,"ENSG00000118946",3.35356471229785
"KTN302__mid_candidate",91,"ENSG00000062194",-3.35208743549087
"KTN302__mid_candidate",92,"ENSG00000139679",3.3507099244541
"KTN302__mid_candidate",93,"ENSG00000117595",-3.34770489867156
"KTN302__mid_candidate",94,"ENSG00000160213",-3.34011001885542
"KTN302__mid_candidate",95,"ENSG00000232134",-3.33674871647509
"KTN302__mid_candidate",96,"ENSG00000121089",-3.32967909712216
"KTN302__mid_candidate",97,"ENSG00000146648",-3.32692344515385
"KTN302__mid_candidate",98,"ENSG00000092010",-3.32108935588998
"KTN302__mid_candidate",99,"ENSG00000205413",3.30000401882847
"KTN302__mid_candidate",100,"ENSG00000211460",-3.2848996301165
"KTN302__pre_candidate",1,"ENSG00000168542",-10.9287727726246
"KTN302__pre_candidate",2,"ENSG00000164692",-9.02188129518789
"KTN302__pre_candidate",3,"ENSG00000108821",-8.98638374010776
"KTN302__pre_candidate",4,"ENSG00000113140",-8.94964050704207
"KTN302__pre_candidate",5,"ENSG00000249992",8.58802525072407
"KTN302__pre_candidate",6,"ENSG00000133110",-8.26294385937953
"KTN302__pre_candidate",7,"ENSG00000138778",7.96504695888683
"KTN302__pre_candidate",8,"ENSG00000177283",7.65159400141973
"KTN302__pre_candidate",9,"ENSG00000011465",-7.48548617556737
"KTN302__pre_candidate",10,"ENSG00000163359",-7.27366902891494
"KTN302__pre_candidate",11,"ENSG00000163064",7.10531001209711
"KTN302__pre_candidate",12,"ENSG00000066468",6.79557926554978
"KTN302__pre_candidate",13,"ENSG00000066279",6.74284406626942
"KTN302__pre_candidate",14,"ENSG00000143013",6.69607433734169
"KTN302__pre_candidate",15,"ENSG00000154734",6.63867384162537
"KTN302__pre_candidate",16,"ENSG00000139329",-6.54573816191768
"KTN302__pre_candidate",17,"ENSG00000211895",-6.4438291258663
"KTN302__pre_candidate",18,"ENSG00000204262",-6.42660478580764
"KTN302__pre_candidate",19,"ENSG00000153551",6.35132986287659
"KTN302__pre_candidate",20,"ENSG00000147853",6.27799425738649
"KTN302__pre_candidate",21,"ENSG00000183354",6.21849469432168
"KTN302__pre_candidate",22,"ENSG00000068489",6.07183154050261
"KTN302__pre_candidate",23,"ENSG00000163661",6.05634812770961
"KTN302__pre_candidate",24,"ENSG00000133739",6.04155430200915
"KTN302__pre_candidate",25,"ENSG00000179041",5.94009553955752
"KTN302__pre_candidate",26,"ENSG00000116285",5.93830164560063
"KTN302__pre_candidate",27,"ENSG00000210151",-5.93346884691176
"KTN302__pre_candidate",28,"ENSG00000156802",5.92737122048881
"KTN302__pre_candidate",29,"ENSG00000256916",5.89400213063327
"KTN302__pre_candidate",30,"ENSG00000087586",5.88298047961791
"KTN302__pre_candidate",31,"ENSG00000148773",5.85527453218928
"KTN302__pre_candidate",32,"ENSG00000111799",-5.85345092327813
"KTN302__pre_candidate",33,"ENSG00000065911",5.84633430744369
"KTN302__pre_candidate",34,"ENSG00000172243",5.84175935202157
"KTN302__pre_candidate",35,"ENSG00000142156",-5.82541871361632
"KTN302__pre_candidate",36,"ENSG00000215114",5.8129229584228
"KTN302__pre_candidate",37,"ENSG00000185697",5.79459225320892
"KTN302__pre_candidate",38,"ENSG00000147676",5.75837106044231
"KTN302__pre_candidate",39,"ENSG00000116717",5.7508691295146
"KTN302__pre_candidate",40,"ENSG00000134709",5.73527865090982
"KTN302__pre_candidate",41,"ENSG00000164045",5.70699965346971
"KTN302__pre_candidate",42,"ENSG00000210196",5.69211466752889
"KTN302__pre_candidate",43,"ENSG00000085788",5.67801626015185
"KTN302__pre_candidate",44,"ENSG00000145293",5.6629038065377
"KTN302__pre_candidate",45,"ENSG00000122483",5.65580502240397
"KTN302__pre_candidate",46,"ENSG00000113810",5.61799662126914
"KTN302__pre_candidate",47,"ENSG00000095739",5.5762691369103
"KTN302__pre_candidate",48,"ENSG00000137673",5.57476778529393
"KTN302__pre_candidate",49,"ENSG00000118785",5.50594756211219
"KTN302__pre_candidate",50,"ENSG00000181744",5.49023048296385
"KTN302__pre_candidate",51,"ENSG00000154473",5.47840386856597
"KTN302__pre_candidate",52,"ENSG00000072274",5.4632709118285
"KTN302__pre_candidate",53,"ENSG00000101333",5.46120830382966
"KTN302__pre_candidate",54,"ENSG00000139289",5.45829970046561
"KTN302__pre_candidate",55,"ENSG00000257103",5.45541161905633
"KTN302__pre_candidate",56,"ENSG00000156735",5.45164836779574
"KTN302__pre_candidate",57,"ENSG00000119866",5.44994822951694
"KTN302__pre_candidate",58,"ENSG00000107020",5.44797327396325
"KTN302__pre_candidate",59,"ENSG00000080608",5.44768766647107
"KTN302__pre_candidate",60,"ENSG00000134371",5.44434982850286
"KTN302__pre_candidate",61,"ENSG00000136720",5.42402751544862
"KTN302__pre_candidate",62,"ENSG00000163273",5.41137470207341
"KTN302__pre_candidate",63,"ENSG00000145386",5.40716142295767
"KTN302__pre_candidate",64,"ENSG00000178163",5.4016936987593
"KTN302__pre_candidate",65,"ENSG00000175040",5.40168075782733
"KTN302__pre_candidate",66,"ENSG00000138376",5.39919094635125
"KTN302__pre_candidate",67,"ENSG00000100811",5.39774216358055
"KTN302__pre_candidate",68,"ENSG00000271122",5.39141396468616
"KTN302__pre_candidate",69,"ENSG00000205268",5.38839282967768
"KTN302__pre_candidate",70,"ENSG00000119900",5.37342316925293
"KTN302__pre_candidate",71,"ENSG00000104341",5.34086659645687
"KTN302__pre_candidate",72,"ENSG00000180543",5.33747080721654
"KTN302__pre_candidate",73,"ENSG00000147679",5.33273631528035
"KTN302__pre_candidate",74,"ENSG00000080986",5.32775998752561
"KTN302__pre_candidate",75,"ENSG00000171346",5.31399697179024
"KTN302__pre_candidate",76,"ENSG00000139116",5.30546350316977
"KTN302__pre_candidate",77,"ENSG00000135069",5.27717260011056
"KTN302__pre_candidate",78,"ENSG00000136824",5.27166811972128
"KTN302__pre_candidate",79,"ENSG00000130635",-5.26985677049342
"KTN302__pre_candidate",80,"ENSG00000143401",5.24381171750475
"KTN302__pre_candidate",81,"ENSG00000091986",-5.22875369362341
"KTN302__pre_candidate",82,"ENSG00000152284",5.22516581874694
"KTN302__pre_candidate",83,"ENSG00000175063",5.22426470789676
"KTN302__pre_candidate",84,"ENSG00000156110",5.21895865725966
"KTN302__pre_candidate",85,"ENSG00000102265",-5.21391580061453
"KTN302__pre_candidate",86,"ENSG00000197043",5.20041217340134
"KTN302__pre_candidate",87,"ENSG00000101849",5.20027586410898
"KTN302__pre_candidate",88,"ENSG00000117155",5.19905147647177
"KTN302__pre_candidate",89,"ENSG00000082497",5.19806966348154
"KTN302__pre_candidate",90,"ENSG00000135372",5.17457896443342
"KTN302__pre_candidate",91,"ENSG00000162607",5.16088544878418
"KTN302__pre_candidate",92,"ENSG00000253738",5.16035071452855
"KTN302__pre_candidate",93,"ENSG00000254726",5.15807121031024
"KTN302__pre_candidate",94,"ENSG00000132854",5.15494715258664
"KTN302__pre_candidate",95,"ENSG00000132646",5.14921923251857
"KTN302__pre_candidate",96,"ENSG00000080503",5.14430818431114
"KTN302__pre_candidate",97,"ENSG00000164106",5.14271193277096
"KTN302__pre_candidate",98,"ENSG00000034677",5.13202467914033
"KTN302__pre_candidate",99,"ENSG00000134748",5.12630112209358
"KTN302__pre_candidate",100,"ENSG00000139734",5.10505051900209
"KTN615__mid_candidate",1,"ENSG00000181617",9.32951128121539
"KTN615__mid_candidate",2,"ENSG00000126550",8.93781966804209
"KTN615__mid_candidate",3,"ENSG00000145423",7.7532942927082
"KTN615__mid_candidate",4,"ENSG00000118785",7.63209685375394
"KTN615__mid_candidate",5,"ENSG00000185479",7.04067609377331
"KTN615__mid_candidate",6,"ENSG00000106819",6.89641096073414
"KTN615__mid_candidate",7,"ENSG00000138615",6.79936529777992
"KTN615__mid_candidate",8,"ENSG00000139329",6.53724040118456
"KTN615__mid_candidate",9,"ENSG00000154096",6.29495574541424
"KTN615__mid_candidate",10,"ENSG00000091986",6.25381266836442
"KTN615__mid_candidate",11,"ENSG00000166670",6.17534723636419
"KTN615__mid_candidate",12,"ENSG00000204262",5.95276091989156
"KTN615__mid_candidate",13,"ENSG00000106483",5.87325009784498
"KTN615__mid_candidate",14,"ENSG00000152661",5.81398959368857
"KTN615__mid_candidate",15,"ENSG00000110484",-5.81331583159027
"KTN615__mid_candidate",16,"ENSG00000102024",5.70362667407936
"KTN615__mid_candidate",17,"ENSG00000262655",5.68720169931682
"KTN615__mid_candidate",18,"ENSG00000123500",5.66056548500626
"KTN615__mid_candidate",19,"ENSG00000118523",5.65758511133905
"KTN615__mid_candidate",20,"ENSG00000148848",5.64403707795789
"KTN615__mid_candidate",21,"ENSG00000290075",5.62558273662365
"KTN615__mid_candidate",22,"ENSG00000130635",5.46696529165962
"KTN615__mid_candidate",23,"ENSG00000129038",5.45733706327645
"KTN615__mid_candidate",24,"ENSG00000109846",5.45128244596805
"KTN615__mid_candidate",25,"ENSG00000154553",5.43810404627179
"KTN615__mid_candidate",26,"ENSG00000108244",5.42044764273566
"KTN615__mid_candidate",27,"ENSG00000166033",5.40076822928968
"KTN615__mid_candidate",28,"ENSG00000115380",5.35953361603601
"KTN615__mid_candidate",29,"ENSG00000118971",5.35668163528679
"KTN615__mid_candidate",30,"ENSG00000211448",5.35188055456452
"KTN615__mid_candidate",31,"ENSG00000116962",5.3121477269582
"KTN615__mid_candidate",32,"ENSG00000170801",5.24930794280868
"KTN615__mid_candidate",33,"ENSG00000140937",5.21464247943861
"KTN615__mid_candidate",34,"ENSG00000184867",5.21343603052047
"KTN615__mid_candidate",35,"ENSG00000143387",5.20746694669478
"KTN615__mid_candidate",36,"ENSG00000186847",5.19481187516667
"KTN615__mid_candidate",37,"ENSG00000106278",5.18191803554334
"KTN615__mid_candidate",38,"ENSG00000186832",5.16919479636367
"KTN615__mid_candidate",39,"ENSG00000137285",5.16717823286267
"KTN615__mid_candidate",40,"ENSG00000163430",5.15228281897024
"KTN615__mid_candidate",41,"ENSG00000144810",5.14839075164413
"KTN615__mid_candidate",42,"ENSG00000137673",5.14189524352313
"KTN615__mid_candidate",43,"ENSG00000148516",5.0833185651987
"KTN615__mid_candidate",44,"ENSG00000169851",5.07518256951298
"KTN615__mid_candidate",45,"ENSG00000011028",5.06836822640976
"KTN615__mid_candidate",46,"ENSG00000136514",5.0659185292917
"KTN615__mid_candidate",47,"ENSG00000170442",5.06292426694256
"KTN615__mid_candidate",48,"ENSG00000150687",5.03796130548862
"KTN615__mid_candidate",49,"ENSG00000050165",5.02533299488096
"KTN615__mid_candidate",50,"ENSG00000172061",5.01027573401569
"KTN615__mid_candidate",51,"ENSG00000162576",4.9727078266617
"KTN615__mid_candidate",52,"ENSG00000142156",4.96684227292915
"KTN615__mid_candidate",53,"ENSG00000100234",4.96678562872028
"KTN615__mid_candidate",54,"ENSG00000111799",4.96088708652645
"KTN615__mid_candidate",55,"ENSG00000163453",4.96042500314313
"KTN615__mid_candidate",56,"ENSG00000196562",4.9560984635392
"KTN615__mid_candidate",57,"ENSG00000171209",4.95441284679099
"KTN615__mid_candidate",58,"ENSG00000103196",4.94124186631777
"KTN615__mid_candidate",59,"ENSG00000154122",4.92490699303082
"KTN615__mid_candidate",60,"ENSG00000128422",4.91593948503539
"KTN615__mid_candidate",61,"ENSG00000018236",4.89165940749235
"KTN615__mid_candidate",62,"ENSG00000167754",4.8541230686577
"KTN615__mid_candidate",63,"ENSG00000156103",4.7957257730521
"KTN615__mid_candidate",64,"ENSG00000109099",4.71556614148924
"KTN615__mid_candidate",65,"ENSG00000107562",4.69738199549021
"KTN615__mid_candidate",66,"ENSG00000105664",4.69317808163319
"KTN615__mid_candidate",67,"ENSG00000133816",4.6885868165093
"KTN615__mid_candidate",68,"ENSG00000146197",4.68349748285256
"KTN615__mid_candidate",69,"ENSG00000101441",4.67956265657456
"KTN615__mid_candidate",70,"ENSG00000108821",4.66778181504999
"KTN615__mid_candidate",71,"ENSG00000196154",4.65520666545106
"KTN615__mid_candidate",72,"ENSG00000183688",4.654522771466
"KTN615__mid_candidate",73,"ENSG00000159403",4.63632853062597
"KTN615__mid_candidate",74,"ENSG00000113140",4.62732598292508
"KTN615__mid_candidate",75,"ENSG00000129009",4.61341099781364
"KTN615__mid_candidate",76,"ENSG00000197702",4.60495316503608
"KTN615__mid_candidate",77,"ENSG00000171812",4.56835963356211
"KTN615__mid_candidate",78,"ENSG00000164692",4.55233329929939
"KTN615__mid_candidate",79,"ENSG00000069535",4.55212295556527
"KTN615__mid_candidate",80,"ENSG00000182326",4.51336670843588
"KTN615__mid_candidate",81,"ENSG00000134258",4.49981740562633
"KTN615__mid_candidate",82,"ENSG00000137745",4.48852544760254
"KTN615__mid_candidate",83,"ENSG00000106624",4.48223990955357
"KTN615__mid_candidate",84,"ENSG00000165507",4.47557125992075
"KTN615__mid_candidate",85,"ENSG00000169604",4.46717972189339
"KTN615__mid_candidate",86,"ENSG00000159674",4.4631823753742
"KTN615__mid_candidate",87,"ENSG00000243655",4.45515181382464
"KTN615__mid_candidate",88,"ENSG00000157613",4.4523435001405
"KTN615__mid_candidate",89,"ENSG00000088448",4.44010337919581
"KTN615__mid_candidate",90,"ENSG00000013588",4.4358707448743
"KTN615__mid_candidate",91,"ENSG00000041982",4.43243231402908
"KTN615__mid_candidate",92,"ENSG00000164171",4.41735101052229
"KTN615__mid_candidate",93,"ENSG00000272168",4.39487868461514
"KTN615__mid_candidate",94,"ENSG00000126603",4.39465465670461
"KTN615__mid_candidate",95,"ENSG00000077942",4.38370329310474
"KTN615__mid_candidate",96,"ENSG00000049449",4.37786010327422
"KTN615__mid_candidate",97,"ENSG00000122641",4.37685189397861
"KTN615__mid_candidate",98,"ENSG00000113721",4.37097965278739
"KTN615__mid_candidate",99,"ENSG00000196628",4.36098714096409
"KTN615__mid_candidate",100,"ENSG00000082074",4.35069070606913
"KTN615__pre_candidate",1,"ENSG00000162896",10.158644460114
"KTN615__pre_candidate",2,"ENSG00000126545",8.68987330427886
"KTN615__pre_candidate",3,"ENSG00000161055",8.65202939206111
"KTN615__pre_candidate",4,"ENSG00000151882",8.6295754399032
"KTN615__pre_candidate",5,"ENSG00000171209",8.45020789695203
"KTN615__pre_candidate",6,"ENSG00000157404",8.2867939141968
"KTN615__pre_candidate",7,"ENSG00000172201",7.74632479350774
"KTN615__pre_candidate",8,"ENSG00000132465",7.74266928041356
"KTN615__pre_candidate",9,"ENSG00000189058",7.3270781125808
"KTN615__pre_candidate",10,"ENSG00000154856",6.8796096807659
"KTN615__pre_candidate",11,"ENSG00000064651",6.82916867011443
"KTN615__pre_candidate",12,"ENSG00000150593",6.58662311741631
"KTN615__pre_candidate",13,"ENSG00000230937",6.28177689491617
"KTN615__pre_candidate",14,"ENSG00000148053",5.96987391562826
"KTN615__pre_candidate",15,"ENSG00000187608",-5.96045000191855
"KTN615__pre_candidate",16,"ENSG00000069702",5.84343193304381
"KTN615__pre_candidate",17,"ENSG00000104332",5.69901345881117
"KTN615__pre_candidate",18,"ENSG00000171346",5.59216467288646
"KTN615__pre_candidate",19,"ENSG00000147862",5.55114595903916
"KTN615__pre_candidate",20,"ENSG00000269893",5.54081528691533
"KTN615__pre_candidate",21,"ENSG00000145824",5.5341956599369
"KTN615__pre_candidate",22,"ENSG00000131620",5.52878676210274
"KTN615__pre_candidate",23,"ENSG00000081479",5.50022300029811
"KTN615__pre_candidate",24,"ENSG00000111907",5.46841303394147
"KTN615__pre_candidate",25,"ENSG00000115468",5.38469593857784
"KTN615__pre_candidate",26,"ENSG00000170561",5.36995124988761
"KTN615__pre_candidate",27,"ENSG00000116299",5.3035381657118
"KTN615__pre_candidate",28,"ENSG00000170549",5.28911476030313
"KTN615__pre_candidate",29,"ENSG00000143546",-5.25659112098664
"KTN615__pre_candidate",30,"ENSG00000153246",5.22520627429246
"KTN615__pre_candidate",31,"ENSG00000198947",5.18568816441653
"KTN615__pre_candidate",32,"ENSG00000060718",-5.16220632319245
"KTN615__pre_candidate",33,"ENSG00000104763",5.11664039030398
"KTN615__pre_candidate",34,"ENSG00000065618",5.08600140709707
"KTN615__pre_candidate",35,"ENSG00000188001",5.08444715305267
"KTN615__pre_candidate",36,"ENSG00000133392",5.0523551028069
"KTN615__pre_candidate",37,"ENSG00000185559",5.03555507715419
"KTN615__pre_candidate",38,"ENSG00000150938",4.99641744761974
"KTN615__pre_candidate",39,"ENSG00000124225",-4.99107889551262
"KTN615__pre_candidate",40,"ENSG00000126804",4.98612492852305
"KTN615__pre_candidate",41,"ENSG00000211895",4.97548772391953
"KTN615__pre_candidate",42,"ENSG00000091409",4.96788910119298
"KTN615__pre_candidate",43,"ENSG00000189334",-4.94883314889252
"KTN615__pre_candidate",44,"ENSG00000107798",4.8542562260005
"KTN615__pre_candidate",45,"ENSG00000122641",-4.84228490145171
"KTN615__pre_candidate",46,"ENSG00000173757",4.80173862724511
"KTN615__pre_candidate",47,"ENSG00000139289",4.70893050320364
"KTN615__pre_candidate",48,"ENSG00000164346",4.69138701157833
"KTN615__pre_candidate",49,"ENSG00000197747",-4.69036231270547
"KTN615__pre_candidate",50,"ENSG00000211899",4.6803425002569
"KTN615__pre_candidate",51,"ENSG00000092964",4.67145055016493
"KTN615__pre_candidate",52,"ENSG00000134644",4.67059209365061
"KTN615__pre_candidate",53,"ENSG00000145675",4.66811759691677
"KTN615__pre_candidate",54,"ENSG00000119681",4.63414228110713
"KTN615__pre_candidate",55,"ENSG00000165949",-4.62617417602591
"KTN615__pre_candidate",56,"ENSG00000250321",4.60249407301642
"KTN615__pre_candidate",57,"ENSG00000168077",4.59788839538071
"KTN615__pre_candidate",58,"ENSG00000233254",4.5933239699534
"KTN615__pre_candidate",59,"ENSG00000114315",4.58051303796003
"KTN615__pre_candidate",60,"ENSG00000074527",4.57879529830304
"KTN615__pre_candidate",61,"ENSG00000070193",4.57869321355327
"KTN615__pre_candidate",62,"ENSG00000165795",4.54738227345843
"KTN615__pre_candidate",63,"ENSG00000132849",4.53912359529145
"KTN615__pre_candidate",64,"ENSG00000152583",4.52258520953969
"KTN615__pre_candidate",65,"ENSG00000157601",-4.51406060192998
"KTN615__pre_candidate",66,"ENSG00000102760",4.49009071762641
"KTN615__pre_candidate",67,"ENSG00000182492",-4.48550996423748
"KTN615__pre_candidate",68,"ENSG00000050426",4.4822432098243
"KTN615__pre_candidate",69,"ENSG00000109475",4.47327919075465
"KTN615__pre_candidate",70,"ENSG00000134352",4.45410980595175
"KTN615__pre_candidate",71,"ENSG00000177410",4.44263301194747
"KTN615__pre_candidate",72,"ENSG00000145685",4.42042004679821
"KTN615__pre_candidate",73,"ENSG00000117115",4.38629806154419
"KTN615__pre_candidate",74,"ENSG00000214756",4.38247216147738
"KTN615__pre_candidate",75,"ENSG00000235354",4.34829615329243
"KTN615__pre_candidate",76,"ENSG00000197506",4.34653787834184
"KTN615__pre_candidate",77,"ENSG00000169218",4.32115955039029
"KTN615__pre_candidate",78,"ENSG00000187955",4.30646295639713
"KTN615__pre_candidate",79,"ENSG00000241282",4.29844346353688
"KTN615__pre_candidate",80,"ENSG00000213860",4.28880478791208
"KTN615__pre_candidate",81,"ENSG00000125730",4.27950950751992
"KTN615__pre_candidate",82,"ENSG00000180817",4.27757637016162
"KTN615__pre_candidate",83,"ENSG00000111716",4.25475041656944
"KTN615__pre_candidate",84,"ENSG00000197766",4.23466291513099
"KTN615__pre_candidate",85,"ENSG00000211677",4.22988588867801
"KTN615__pre_candidate",86,"ENSG00000091986",4.22273130177955
"KTN615__pre_candidate",87,"ENSG00000162407",4.21638174148324
"KTN615__pre_candidate",88,"ENSG00000177508",4.20974480618891
"KTN615__pre_candidate",89,"ENSG00000145741",4.19146764235774
"KTN615__pre_candidate",90,"ENSG00000145703",4.18435722637427
"KTN615__pre_candidate",91,"ENSG00000211679",4.17366401938456
"KTN615__pre_candidate",92,"ENSG00000122257",4.17252537798439
"KTN615__pre_candidate",93,"ENSG00000234287",4.17119575270199
"KTN615__pre_candidate",94,"ENSG00000143149",4.15993666311448
"KTN615__pre_candidate",95,"ENSG00000166825",4.1417815761111
"KTN615__pre_candidate",96,"ENSG00000113494",4.13571669460665
"KTN615__pre_candidate",97,"ENSG00000250722",4.12518080138023
"KTN615__pre_candidate",98,"ENSG00000118785",-4.1243247241366
"KTN615__pre_candidate",99,"ENSG00000196954",4.11786710520925
"KTN615__pre_candidate",100,"ENSG00000185432",4.09453598436706
